{
    "data": {
        "url": "data/billionaires.csv"
    },
    "transform": [
        {
            "filter": "datum.year == 2014"
        }
    ],
    "layer": [
        {
            "mark": "bar",
            "encoding": {
                "x": {
                    "field": "region",
                    "type": "nominal"
                },
                "y": {
                    "aggregate": "sum",
                    "field": "worth in billions",
                    "type": "quantitative"
                }
            }
        },
        {
            "mark": {
                "type": "line",
                "color": "#ff0000"
            },
            "encoding": {
                "x": {
                    "field": "region",
                    "type": "nominal"
                },
                "y": {
                    "aggregate": "count",
                    "field": "region",
                    "type": "quantitative"
                }
            }
        }
    ]
}