{
    "data": {
        "url": "data/billionaires.csv"
    },
    "transform": [
        {
            "filter": "datum.founded > 0"
        },
        {
            "filter": "datum.year == 2014"
        }
    ],
    "mark": "point",
    "encoding": {
        "x": {
            "field": "worth in billions",
            "type": "quantitative"
        },
        "y": {
            "field": "founded",
            "type": "quantitative",
            "scale": {
                "domain": [
                    1600,
                    2010
                ]
            }
        },
        "color": {
            "field": "was political",
            "type": "nominal"
        }
    }
}